cycle	team	status	tests_pass	description	files_changed	timestamp
001	red	complete	yes	21 findings (2 critical, 5 high, 6 medium, 3 low, 5 test gaps)	0	2026-03-22
001	green	complete	yes	11/11 fixes landed	14	2026-03-22
001	refactor	complete	yes	2 simplifications (-116 net lines)	17	2026-03-22
002	red	complete	yes	19 findings (3 critical, 4 high, 4 medium, 3 low, 5 test gaps)	0	2026-03-22
002	green	complete	yes	11/11 fixes landed	7	2026-03-22
002	refactor	complete	yes	3 simplifications (-6 net lines)	9	2026-03-22
003	red	complete	yes	20 findings (4 critical, 4 high, 5 medium, 2 low, 5 test gaps)	0	2026-03-22
003	green	complete	yes	13/13 fixes landed	10	2026-03-22
003	refactor	complete	yes	4 simplifications	10	2026-03-22
004	red	complete	yes	17 findings (1 critical, 3 high, 7 medium, 6 low)	0	2026-03-22
004	green	complete	yes	7/10 fixed, 3 skipped	10	2026-03-22
004	refactor	complete	yes	4 simplifications (-20 net lines)	10	2026-03-22
005	red	complete	yes	14 findings (2 critical, 4 high, 5 medium, 3 low)	0	2026-03-22
005	green	complete	yes	10/11 fixed, 1 skipped	8	2026-03-22
005	refactor	complete	yes	4 simplifications (-112 net lines)	8	2026-03-22
